機器番号,型式,製造番号,カテゴリ
DC-1402,WEP-5208,80,モニタ
DC-2031,ZS-940P,2053,モニタ
DC-2250,TRN-2100,63,AED
DC-2396,ECG-1950,7,検査機器
0,PRM-1120,6,検査機器
0,AAA-30194,3,検査機器
0,PRM-3000,-,検査機器
0,ICS-3000,46221022,治療器救急関連機器
0,ICS-3000,46222357,治療器救急関連機器
0,ICS-3000,46222385,治療器救急関連機器
0,ICS-3000BJ,46230439,治療器救急関連機器
0,ICS-3000BJ,46230440,治療器救急関連機器
0,UBM-2000,M000823,検査機器
0,TG-920P,-,モニタ
0,TG-970P,3145,モニタ
0,TG-970P,3146,モニタ
0,HPF-0101,5120071,治療器救急関連機器
0,HPF-0101,5120023,治療器救急関連機器
0,CPR-B,AJZ1,治療器救急関連機器
0,CPR-B,AJZ2,治療器救急関連機器
0,CPR-B,BYV,治療器救急関連機器
0,CPR-B,1,治療器救急関連機器
0,CPR-B,2,治療器救急関連機器
0,CPR-B,3,治療器救急関連機器
0,CPR-B,4,治療器救急関連機器
DC-3039,ZU-210R,95,その他
DC-4120,PU-621R,41,モニタ
DC-2813,TRN-2150,41,AED
DC-2814,TRN-2150,42,AED
DC-2815,TRN-2150,43,AED
DC-2816,TRN-2150,44,AED
DC-2940,TRN-2150,366,AED
DC-2941,TRN-2150,367,AED
DC-2942,TRN-2150,368,AED
DC-2943,TRN-2150,369,AED
DC-2944,TRN-2150,370,AED
DC-3255,MEK-6500,121,検体
DC-3317,ZS-630P,2576,モニタ
DC-3414,ZS-611P,75,モニタ
DC-3523,ZT-210P,87,モニタ
DC-3187,ZS-630P,2042,モニタ
DC-3189,ZS-630P,2044,モニタ
DC-3550,SEC-5104,7,モニタ
DC-3562,SEC-5104,40,モニタ
DC-4015,WEP-5208,1865,モニタ
0,CC-120B,234,検査機器
DC-3577,QI-600P,1642,モニタ
DC-3577,YS-096P2,DC-3577,モニタ
0,CC-942B,1248,検査機器
0,NY-901B,2015,検査機器
0,NY-902B,2356,検査機器
0,ＮＹ-903Ｂ,2075,検査機器
0,YE-103J,2230,検査機器
0,LS-102J,2106,検査機器
0,AWS-S200,D100038,WJ救急麻酔
0,MSP-1100,D140008,0
DC-4203,CRT-1000,30,システム
DC-4252,TRN-2150,1888,AED
0,IMMUNO　AG1,116549,検査機器
0,ZT-210P,120,モニタ
0,ZT-210P,219,モニタ
0,ZT-210P,138,モニタ
0,ZT-210P,119,モニタ
0,ZT-210P,126,モニタ
0,ZT-210P,220,モニタ
0,ZT-210P,117,モニタ
DC-4502,RMC-5000,10845,検査機器
DC-4497,OptiPlex7020SFFCTO,8D65R42,検査機器
DC-6902,Leonplus,0200010HUL21005576,VG_麻酔器
DC-6925,AX-301D,883,計測器
DC-4750,AWS-S200,D100659,WJ救急麻酔
0,HAMILTON-H900,2401,人工呼吸器
0,HAMILTON-H900,2399,人工呼吸器
0,HAMILTON-H900,2402,人工呼吸器
DC-4799,TRN-3100,A02018,AED
DC-4800,TRN-3100,A02019,AED
DC-4920,TRN-3100,38,AED
DC-4921,TRN-3100,39,AED
DC-4922,TRN-3100,40,AED
DC-4924,TRN-3100,42,AED
DC-4925,TRN-3100,43,AED
DC-4926,TRN-3100,44,AED
DC-4966,QP-550D,3,検査機器
DC-5002,CWS4000,200019-A,WJ救急麻酔
DC-5108,MEE-2000,7,検査機器
DC-5132,EV2750-BK,45014066,システム
0,CWS4000,200491-A,WJ救急麻酔
DC-5167,AWS-S200,D101544,WJ救急麻酔
DC-5168,AWS-S200,D101545,WJ救急麻酔
DC-5169,AWS-S200,495,WJ救急麻酔
DC-5170,AWS-S200,D101547,WJ救急麻酔
0,CWS4000,200534,WJ救急麻酔
0,TRN-2100,14,AED
0,CPR-B,5,AED
0,CPR-B,6,AED
0,CPR-B,7,AED
0,CPR-B,8,AED
0,CPR-C,1,AED
0,KD-106D,1,検査機器
DC-5377,HFA-RPE3-NK,01L05097A,検査機器
0,JA-694P,29,モニタ
0,QP-551V,5926,検査機器
DC-5654,InterStim Ⅱ,NHF037894N,WJニューロ
DC-5676,SAT-1200P,1711140231,WJ検査機器
DC-5677,SAT-1200P,1711140232,WJ検査機器
DC-5694,SAT-1200B,1711100202,WJ検査機器
DC-5708,SAT-1200G,1711130115,WJ検査機器
0,展示会セット,1,展示会
0,展示会セット,2,展示会
DC-5835,CSM-1502,64,モニタ
DC-5885,MEK-1303,29,検体
DC-5886,MEK-1303,39,検体
DC-5887,MEK-1303,32,検体
DC-5882,MEK-1303,43,検体
DC-5884,MEK-1303,44,検体
DC-5958,CSM-1502,241,モニタ
DC-5959,CSM-1502,242,モニタ
DC-5960,CSM-1502(CU-152R),243,モニタ
DC-6014,CSM-1502,43,モニタ
DC-6015,CSM-1502,44,モニタ
DC-6042,OTX-TUP-C035J,9,検査機器
DC-6097,CWS5000,700052,WJ救急麻酔
DC-6098,CWS5000,700053,WJ救急麻酔
DC-6099,CWS5000,700054,WJ救急麻酔
DC-6100,CWS5000,700055,WJ救急麻酔
DC-6136,CU-172R,48,モニタ
DC-6137,CU-172R,49,モニタ
DC-6153,HBP-8000,GC000088AF,検査機器
DC-6163,MEK-1303,362,検体
DC-6165,MEK-1303,364,検体
DC-6167,MEK-1303,366,検体
DC-6169,MEK-1303,378,検体
0,TRN-3100,2542,AED
0,TRN-3100,2543,AED
0,TRN-3100,2544,AED
0,TRN-3100,2545,AED
0,TRN-3100,2546,AED
DC-6195,WEC-7301,1989,モニタ
DC-6233,AED-3150,156,AED
DC-6235,AED-3150,158,AED
DC-6248,AED-3151,108,AED
DC-6250,AED-3151,110,AED
DC-6277,CPR-A,DC-6277,WJ救急麻酔
DC-6278,CPR-B,9,WJ救急麻酔
DC-6279,CPR-B,10,WJ救急麻酔
DC-6283,CPR-A,DC-6283,WJ救急麻酔
DC-6284,CPR-B,DC-6284,WJ救急麻酔
DC-6285,CPR-B,DC-6285,WJ救急麻酔
DC-6207,OTX-TUP-C035J,92,検査機器
DC-6339,CWS5000,700393,WJ救急麻酔
DC-6340,CWS5000,700394,WJ救急麻酔
DC-6341,CWS5000,700395,WJ救急麻酔
DC-6342,CWS5000,700396,WJ救急麻酔
DC-6374,PVM-4763-Q20,87,モニタ
DC-6375,PVM-4763-Q20,88,モニタ
DC-6376,PVM-4763-Q20,89,モニタ
DC-6377,PVM-4763-Q20,90,モニタ
DC-6378,PVM-4763-Q20,91,モニタ
DC-6418,TRN-3150,125,AED
DC-6419,TRN-3150,126,AED
DC-6420,TRN-3150,127,AED
DC-6460,PVM-4763-Q20,120,モニタ
DC-6461,PVM-4763-Q20,121,モニタ
DC-6462,PVM-4763-Q20,122,モニタ
DC-6463,PVM-4763-Q20,123,モニタ
DC-6464,PVM-4763-Q20,124,モニタ
0,KC-470P,1,モニタ
0,KC-470P,2,モニタ
0,KC-470P,Y,モニタ
0,KC-470P,R,モニタ
0,KC-470P,M,モニタ
0,KC-470P,Z,モニタ
0,KC-470P,K,モニタ
0,KC-470P,H,モニタ
0,KC-470P,B,モニタ
0,AF-101P,609,モニタ
DC-6499,PVM-4763-Q20,264,モニタ
DC-6500,PVM-4763-Q20,265,モニタ
DC-6544,MEK-1302,14,検体
DC-6545,MEK-1302,15,検体
DC-6546,MEK-1302,16,検体
DC-6609,MEK-1302,82,検体
DC-6610,MEK-1302,83,検体
DC-4751,挿管ﾍｯﾄﾞ,11,検査機器
DC-6621,GF-320R,52,モニタ
DC-6652,CCXS ｺｱｸﾞﾁｪｯｸXS,UP01615174,WJ検査機器
DC-6653,CCXS ｺｱｸﾞﾁｪｯｸXS,UP01615181,WJ検査機器
DC-6709,WEP-1450-Z06,94,モニタ
DC-6710,WEP-1450-Z06,95,モニタ
DC-6711,WEP-1450-Z06,96,モニタ
DC-6712,WEP-1450-Z06,97,モニタ
DC-6713,WEP-1450-Z06,98,モニタ
DC-6714,WEP-1450-Z06,99,モニタ
DC-6715,WEP-1450-Z06,100,モニタ
DC-6717,WEP-1450-Z06,102,モニタ
DC-6944,ZS-600P,127,モニタ
DC-6945,ZS-600P,128,モニタ
DC-6946,ZS-600P,129,モニタ
DC-6991,JD-214E,24,検査機器
0,KC-140P,1,モニタ
0,KC-140P,2,モニタ
0,KC-140P,3,モニタ
DC-6974,TRN-3150,333,AED
DC-6975,TRN-3150,334,AED
DC-6976,TRN-3150,335,AED
DC-6977,TRN-3150,336,AED
DC-7011,EMS-1052,53,治療器救急関連機器
DC-7036,CCPRO2,TZ1121256,WJ検査機器
DC-7024,GF-320R,100,モニタ
0,MPG-3650,12053821,WJ検査機器
0,MPG-3650,12049228,WJ検査機器
0,MPG-3650,12049346,WJ検査機器
0,MPG-3650,12048531,WJ検査機器
0,MPG-3650,12049286,WJ検査機器
0,MPG-3650,12053576,WJ検査機器
0,MPG-3650,12051946,WJ検査機器
0,MPG-3650,12053618,WJ検査機器
0,MPG-3650,12054849,WJ検査機器
0,MPG-3650,12054879,WJ検査機器
0,MPG-3650,31993,WJ検査機器
0,MPG-3650,32097,WJ検査機器
DC-7055,ECG-3150,86,検査機器
DC-7056,ECG-3150,87,検査機器
DC-7077,AF-201P,140,モニタ
DC-7078,AF-201P,141,モニタ
DC-7091,MEB-9600,23,検査機器
0,AF-201P,155,モニタ
0,CU-172R(CSM-1702),528,モニタ
DC-7124,HBP-8000用PC&ﾌﾟﾘﾝﾀ,DEMO-14,WJ検査機器
0,KC-600P,1,モニタ
DC-7140,EMS-1052,166,治療器救急関連機器
DC-7153,HAMILTON-C6,3127,人工呼吸器
DC-7175,HAMILTON-C6,3465,人工呼吸器
DC-7190,PLS-1100,187,AED
DC-7192,PLS-1100,189,AED
DC-7193,PLS-1100,190,AED
0,JA-694P,2024,0
DC-7218,4272G2001,4.27E+14,検査機器
DC-7247,PLS-1100,234,AED
DC-7250,PLS-1100,237,AED
DC-7251,PLS-1100,238,AED
DC-7252,PLS-1100,239,AED
DC-7253,PLS-1100,240,AED
DC-7290,CHM-4100,2797,検体
DC-7310,WEP-1200-Z03,59,モニタ
DC-7312,WEP-1200-Z03,61,モニタ
DC-7313,WEP-1200-Z03,62,モニタ
DC-7338,HBP-8000,GC000277AF,WJ検査機器
DC-7351,HBP-8000用PC,DEMO-27,WJ検査機器
DC-7366,VA-201R,16,モニタ
DC-7391,ECG-3350,20,検査機器
DC-7392,ECG-3350,21,検査機器
0,CPR-B,A,0
0,CPR-B,B,0
0,CPR-B,C,0
0,CPR-B,D,0
0,CPR-B,E,0
0,CPR-B,F,0
DC-7431,AF-201P,960,モニタ
DC-7431,VA-201R,53,モニタ
0,KD-108D,1,0
0,KD-108D,2,0
0,KC-600P,2,0
0,X216,170367,AED
0,X216,170368,AED
0,X217,362469,AED
0,X217,362470,AED
0,X217,362471,AED
0,X217,362472,AED
0,X217,362473,AED
0,X217,362474,AED
0,SB-310V,340388,AED
0,SB-310V,340389,AED
0,SB-310V,340390,AED
0,SB-310V,340391,AED
0,SB-310V,340392,AED
0,SB-310V,340393,AED
0,H333,31099C　①,AED
0,H333,31099C　②,AED
0,P-740,81179D　①,AED
0,P-740,81179D　②,AED
0,P-740,81179D　③,AED
0,P-740,81179D　④,AED
0,P-740,81179D　⑤,AED
0,P-740,81179D　⑥,AED
0,MEK-1302,180,検体
DC-7463,HAMILTON-H900,33460,人工呼吸器
DC-7464,HAMILTON-H900,33462,人工呼吸器
0,YC-220D,-,計測器
0,DH-223P,948869,モニタ
DC-7483,GAIA(VJPH221),4595927,システム
DC-7495,MR850,2.01E+12,VG_加湿器
DC-7510,CHM-4100,3383,検体
DC-7511,CHM-4100,3384,検体
0,モニタセット 1,1,モニタ
0,モニタセット 2,2,モニタ
0,モニタセット 3,3,モニタ
0,モニタセット 4,4,モニタ
0,モニタセット 5,5,モニタ
0,モニタセット 6,6,モニタ
0,TL-201T,-,モニタ
0,心電計セット,1,検査機器
0,心電計セット,2,検査機器
0,心電計セット,3,検査機器
0,心電計セット,4,検査機器
0,KD-561V,-,治療器救急関連機器
DC-7528,CNS-2101,51,モニタ
0,IF-966P,168,モニタ
DC-7547,CNS-2101,75,モニタ
DC-7548,CNS-2101,76,モニタ
DC-7528,VL-238R,13,モニタ
DC-7568,AED-3250,93,AED
DC-7569,AED-3250,94,AED
0,QP-551D,22,検査機器
DC-7592,HAMILTON-T1/H,20401,人工呼吸器
DC-7608,HAMILTON-C1,36201,人工呼吸器
DC-7609,HAMILTON-C1,36085,人工呼吸器
0,K943A(JL-632P),-,モニタ
0,KC-150P,1,モニタ
0,KC-150P,2,モニタ
0,KC-150P,-,0
0,VA-201R,43,モニタ
0,JL-500P2(Y094A),3863,モニタ
DC-7630,ECG-3250,14,検査機器
DC-7631,ECG-3250,15,検査機器
0,リトルアン,1,AED
0,リトルアン,2,AED
0,リトルアン,3,AED
0,リトルアン,4,AED
0,リトルアン,5,AED
0,リトルアン,6,AED
0,リトルアン,7,AED
0,リトルアン,8,AED
0,Y849B,1,検査機器
0,Y059I,108340,検査機器
0,P256,32136,検査機器
DC-7649,OLV-4202,87,モニタ
DC-7653,WEC-7201,24097,モニタ
0,QS-051D,283,検査機器
0,QS-050D,93,検査機器
0,9000-067768,①,検査機器
0,9000-067768,②,検査機器
0,JL-430U(K939B),909242,モニタ
DC-5835,AY-663P(CSM-1502_64),24188,モニタ
DC-5958,AY-663P,24364,モニタ
DC-5959,AY-663P,24365,モニタ
DC-6014,AY-663P,24159,モニタ
DC-6136,AY-663P,24899,モニタ
DC-6137,AY-663P,24900,モニタ
0,YJ-331Z,LY1,人工呼吸器
0,YJ-332Z,404607450,人工呼吸器
0,IF-917P,145,人工呼吸器
0,IF-917P,316,人工呼吸器
DC-7715,JD-214E,56,検査機器
DC-7729,ECG-3250,372,検査機器
0,6143902766,0,検査機器
DC-7742,YJ-333Z,lot.404865082,0
DC-7758,IF-966P,14,人工呼吸器
DC-7759,IF-966P,15,人工呼吸器
0,ICS-3000,46233985,治療器救急関連機器
0,ICS-3000,46233988,治療器救急関連機器
0,S905A(YN-925P),0,モニタ
DC-7793,VJPH221(PRM-4000),4557129,検査機器
DC-7794,VJPH221(PRM-4000),4557133,検査機器
DC-7769,WEP-1450-Z06,1677,モニタ
DC-7770,TEC-5631,6677,治療器救急関連機器
DC-7771,MEK-1302,453,検体
DC-7772,MEK-1303,2183,検体
DC-7773,MEK-1303,2184,検体
0,TEC-5631,6389,治療器救急関連機器
0,KD-561V,0,治療器救急関連機器
DC-7834,ECG-3350,1294,検査機器
0,MPG-3650,12049144,WJ循環器CRM
0,MPG-3650,12049425,WJ循環器CRM
0,MPG-3650,12049192,WJ循環器CRM
0,MPG-3650,31609,WJ循環器CRM
0,MPG-3650,32080,WJ循環器CRM
0,MPG-3650,12051960,WJ循環器CRM
0,MPG-3650,12049227,WJ循環器CRM
0,MPG-3650,32066,WJ循環器CRM
0,MPG-3650,32142,WJ循環器CRM
0,MPG-3650,12053579,WJ循環器CRM
0,MPG-3650,12054612,WJ循環器CRM
0,MPG-3650,12054616,WJ循環器CRM
0,MPG-3650,12054766,WJ循環器CRM
0,MPG-3650,12048405,WJ循環器CRM
0,MPG-3650,12053836,WJ循環器CRM
0,MPG-3650,32069,WJ循環器CRM
0,MPG-3650,12060841,WJ循環器CRM
0,MPG-3650,12060886,WJ循環器CRM
0,MPG-3650,12053835,WJ循環器CRM
0,MPG-3650,12061711,WJ循環器CRM
0,MPG-3650,32093,WJ循環器CRM
DC-7109,KC-330Z,27,人工呼吸器
DC-7109,KH-330Z,39,人工呼吸器
DC-7109,YS-120P0,0,人工呼吸器
DC-7109,DH-331Z,0,人工呼吸器
DC-7875,KD-105D-01,DC-7875,検査機器
DC-7891,MEM-8301,572,検査機器
DC-7892,MEM-8301,573,検査機器
DC-7905,RAC-5103,4728,検査機器
DC-7939,ZS-630P,111704,モニタ
DC-7977,TG-940P,73,モニタ
DC-7978,TG-940P,74,モニタ
DC-7994,TG-980P2,23,モニタ
DC-8012,HAMILTON-H900,39394,人工呼吸器
DC-8013,HAMILTON-H900,39395,人工呼吸器
DC-8030,INTELLICUFF,13566,0
DC-8031,INTELLICUFF,13567,0
DC-8045,K901,DC-8045,検査機器
DC-8056,IF-917P,1350,モニタ
DC-8067,IF-920P,1636,モニタ
DC-8078,IF-930P,1655,モニタ
DC-8089,IF-932P,296,モニタ
DC-8100,IF-948P,1707,モニタ
DC-8111,IF-950P,426,モニタ
0,BR-993P,0,モニタ
0,YS-095P6,1622537,モニタ
0,YS-096P6,0001622537 ②,モニタ
0,モニタセット７,7,モニタ
0,モニタセット８,8,モニタ
0,モニタセット９,9,モニタ
0,モニタセット１０,10,モニタ
0,モニタセットOPV用,11,モニタ
0,モニタセットOPV用,12,モニタ
0,モニタセットOPV用,13,モニタ
0,動物用モニタセット１,1,モニタ
0,動物用モニタセット２,2,モニタ
0,心電計セット,5,検査機器
0,小児用心電図電極セット１,1,検査機器
0,小児用心電図電極セット２,2,検査機器
0,動物用心電計電極キット,0,検査機器
0,KH-210D,492332,検査機器
0,KH-220D,1591400,検査機器
0,AMPERE-RFG,15594812,WJ循環器AF
0,AMPERE-GRC,15498658,WJ循環器AF
0,TACTI-SYS,36613,WJ循環器AF
0,TACTI-SYS,35528,WJ循環器AF
0,TACTI-SYS,33434,WJ循環器AF
0,ST-MULTI,F110280563,WJ循環器AF
0,TACTI-SYS,34960,WJ循環器AF
0,89013,18800215,WJ循環器AF
0,AMPERE-RFG,18754465,WJ循環器AF
0,AMPERE-GRC,18719693,WJ循環器AF
0,TACTI-SYS,35019,WJ循環器AF
0,TACTI-SYS,35791,WJ循環器AF
DC-8147,AX-510B,19,検査機器
DC-8181,WEP-1650-Z08,35,モニタ
DC-8182,WEP-1650-Z08,36,モニタ
DC-8183,WEP-1650-Z08,37,モニタ
DC-8184,WEP-1650-Z08,38,モニタ
0,MR850,2.20E+11,人工呼吸器
DC-3733,DTK-2241/Medical,3GDQ000179,システム
DC-8229,Y251A,DC-8229,AED
DC-8230,Y251A,DC-8230,AED
DC-8277,AX-301D-01,20029,検査機器
DC-8284,EEG-1290-NE,10001,検査機器
0,TT-410T,33083,モニタ
0,TT-411T,33065,モニタ
0,TT-481T,33037,モニタ
0,TT-480T,33037,モニタ
DC-8298,SAT-1200BN,2307240007,WJ検査機器
0,KC-170P,0,モニタ
0,BSM-WEP用アダプタ　75×75,0,モニタ
0,AX-410G,339553,治具
DC-5835,QM-600P(CSM-1502_64),25133,モニタ
DC-5835,WS-151P(CSM-1502_64),92,モニタ
DC-5835,QM-150P(CSM-1502_64),37,モニタ
DC-5835,QI-151P(CSM-1502_64),86,モニタ
DC-5835,QI-152P(CSM-1502_64),60,モニタ
DC-5958,QM-600P,25483,モニタ
DC-5958,WS-151P,252,モニタ
DC-5958,QM-150P,232,モニタ
DC-5958,DZ-150P,DC-5958,モニタ
DC-5958,QL-003P,DC-5958,モニタ
DC-5958,QI-151P,232,モニタ
DC-5958,QI-152P,152,モニタ
DC-5958,SB-950P,DC-5958,モニタ
DC-5959,QM-600P,25484,モニタ
DC-5959,WS-151P,253,モニタ
DC-5959,QM-150P,233,モニタ
DC-5959,DZ-150P,DC-5959,モニタ
DC-5959,QL-003P,DC-5959,モニタ
DC-5959,QI-151P,233,モニタ
DC-5959,QI-152P,153,モニタ
DC-5959,SB-950P,DC-5959,モニタ
DC-6014,QM-600P,25109,モニタ
DC-6014,WS-151P,51,モニタ
DC-6014,QM-150P,57,モニタ
DC-6014,DZ-150P,DC-6014,モニタ
DC-6014,QL-003P,DC-6014,モニタ
DC-6014,QI-151P,54,モニタ
DC-6014,QI-152P,35,モニタ
DC-6014,SB-950P,DC-6014,モニタ
DC-6136,JA-170P,141,モニタ
DC-6136,YS-118P1,DC-6136,モニタ
DC-6136,WS-171P,30,モニタ
DC-6136,YS-118P8,DC-6136,モニタ
DC-6136,DM-150P,DC-6136,モニタ
DC-6136,QI-171P,7,モニタ
DC-6136,QM-600P,25747,モニタ
DC-6136,QI-152P,367,モニタ
DC-6136,QM-150P,517,モニタ
DC-6136,OTX-TUP-C035J,38,モニタ
DC-6136,OTX-TUS-RC10,23,モニタ
DC-6136,OTX-PMNK006,21,モニタ
DC-6136,OTX-PMNK007,22,モニタ
DC-6163,QL-130W(MEK-1303_362),112,検体
DC-6165,QL-130W(MEK-1303_364),114,検体
DC-6169,QL-130W,97,検体
DC-6137,JA-170P,142,モニタ
DC-6137,YS-118P1,DC-6137,モニタ
DC-6137,WS-171P,31,モニタ
DC-6137,YS-118P8,DC-6137,モニタ
DC-6137,DM-150P,DC-6137,モニタ
DC-6137,QM-600P,25748,モニタ
DC-6137,QI-152P,368,モニタ
DC-6137,QM-150P,518,モニタ
DC-6137,OTX-TUP-C035J,39,モニタ
DC-6137,OTX-TUS-RC10,24,モニタ
DC-6137,OTX-PMNK006,22,モニタ
DC-6137,OTX-PMNK007,23,モニタ
DC-6137,SB-970P,DC-6137,モニタ
DC-6195,TG-121T,70417,モニタ
0,SB-220V,25691,AED
DC-6248,CPR-1100,511,AED
DC-6374,QI-470P,34,モニタ
DC-6375,QI-470P,35,モニタ
DC-6461,QI-470P,80,モニタ
DC-6462,QI-470P,81,モニタ
DC-6499,QI-470P,197,モニタ
DC-6500,QI-470P,198,モニタ
DC-6709,WS-140P,123,モニタ
DC-6710,WS-140P,124,モニタ
DC-6711,WS-140P,125,モニタ
DC-6712,WS-140P,126,モニタ
DC-6944,QP-601P,55,モニタ
DC-6945,QP-601P,56,モニタ
DC-6946,QP-601P,57,モニタ
DC-7011,SC-101V,8,治療器救急関連機器
0,YJ-330Z,405822710,人工呼吸器
DC-7091,DC-960B,23,検査機器
DC-7091,JB-964B,98,検査機器
DC-7091,GG-962B,28,検査機器
DC-7091,SC-900B,59,検査機器
DC-7091,WJ-120B,714,検査機器
DC-7091,RY-960B,144,検査機器
DC-7091,NY-902B,2088,検査機器
DC-7091,NY-903B,1865,検査機器
DC-7140,SC-101V,30,治療器救急関連機器
DC-7310,ZA-024P,18,モニタ
DC-7390,QP-330D(ECG-3350_19),23,検査機器
DC-7391,QP-330D,24,検査機器
DC-7528,WS-140P,2596,モニタ
DC-7547,WS-140P,2653,モニタ
DC-7548,WS-140P,2654,モニタ
DC-7630,YC-320D,DC-7630,検査機器
DC-7631,YC-320D,DC-7631,検査機器
0,SB-220V (X233),27471,治療器救急関連機器
0,SB-220V (X233),27472,治療器救急関連機器
DC-8375,AED-M100トレーニングユニット,65,AED
DC-8376,AED-M100トレーニングユニット,66,AED
DC-8377,AED-M100トレーニングユニット,67,AED
0,IF-917P,2021,人工呼吸器
DC-8353,ARV058(MS-3000),SSS000062,WJ検査機器
0,KC-120P,0,モニタ
DC-8532,ZS-630P,118714,モニタ
DC-8533,ZS-630P,118715,モニタ
DC-8534,ZS-630P,118716,モニタ
DC-8535,ZS-630P,118717,モニタ
DC-8536,ZS-630P,118718,モニタ
DC-8537,ZS-630P,118720,モニタ
DC-8538,ZS-630P,118721,モニタ
DC-8539,ZS-630P,118722,モニタ
DC-8540,ZS-630P,118723,モニタ
DC-8421,TT101,DC-8421,WJ救急麻酔
DC-8422,TT101,DC-8422,WJ救急麻酔
DC-8797,TG-980P2,162,モニタ
DC-8798,TG-980P2,163,モニタ
DC-8402,RMU-N2000,502000932,WJ救急麻酔
DC-8786,KC-170P,DC-8786,検査機器
DC-8788,SAT-2200N,2311210065,検査機器
DC-8789,ZS-610P,13590,モニタ
DC-8791,AED-2151,4746,AED
DC-8792,AED-3100NX,319379,AED
DC-8793,OLG-3800,593,モニタ
DC-8794,TG-980P2,158,モニタ
DC-8795,TG-980P2,159,モニタ
DC-8796,TG-980P2,160,モニタ
DC-8797,TG-980P2,162,モニタ
DC-8798,TG-980P2,163,モニタ
DC-8811,ZS-620P,6904,モニタ
DC-8812,ZS-620P,6905,モニタ
DC-8813,ZS-620P,6906,モニタ
DC-8814,ZS-620P,6907,モニタ
DC-8815,ZS-620P,6908,モニタ
DC-8816,ZS-620P,6909,モニタ
DC-8817,ZS-620P,6910,モニタ
DC-9056,CHM-4100,4666,検体
DC-9057,CHM-4100,4667,検体
DC-9121,ECG-2450,4476,検査機器
DC-9122,ECG-2450,4478,検査機器
DC-9125,NKV-330,1618,人工呼吸器
DC-9126,NKV-330,1619,人工呼吸器
DC-9129,TEC-2603,2788,治療器救急関連機器
DC-9130,AE-120A,575,治療器救急関連機器
DC-9132,GZ-140P,451,モニタ
DC-9242,AF-201P,3363,モニタ
DC-9242,VA-201R,574,モニタ
DC-9243,AF-201P,3345,モニタ
DC-9243,VA-201R,575,モニタ
DC-9244,GZ-130P,1522,モニタ
DC-9245,GZ-130P,1523,モニタ
DC-9246,GZ-130P,1524,モニタ
DC-9247,GZ-130P,1525,モニタ
DC-9248,OLG-3800,602,モニタ
DC-9249,OLV-4201,2431,モニタ
DC-9250,OLV-4201,2432,モニタ
DC-9251,TRN-3100,7949,AED
DC-9252,TRN-3100,7950,AED
DC-9253,TRN-3100,7951,AED
DC-9254,TRN-3100,7909,AED
DC-9255,TRN-3100,7910,AED
DC-9256,TRN-3100,7911,AED
DC-9257,ZS-600P,13924,モニタ
DC-9258,ZS-600P,13925,モニタ
DC-9259,ZS-600P,13903,モニタ
0,K939B,909242,モニタ
0,K930,212026,モニタ
JC-0007,Blackmagic Desing,11874825,その他
0,ARV057,BT2311,検査機器
0,ARV01,0,検査機器
DC-8830,ZT-210P,6620,モニタ
DC-9415,TT101,DC-9415,WJ救急麻酔
DC-9416,TT101,DC-9416,WJ救急麻酔
DC-9417,TT101,DC-9417,WJ救急麻酔
DC-9418,TT101,DC-9418,WJ救急麻酔
DC-9419,TT101,DC-9419,WJ救急麻酔
DC-9420,TT101,DC-9420,WJ救急麻酔
DC-9421,TT101,DC-9421,WJ救急麻酔
DC-9422,TT101,DC-9422,WJ救急麻酔
DC-8339,ECS-3D,436,検査機器
DC-9123,ECG-2550-01,20407,検査機器
DC-9124,ECG-2550-01,20409,検査機器
DC-9131,BSM-3562-Q91,6996,モニタ
0,91-0127-04 (04582350611656),L/N  42/2023,その他
0,98-0061-25 (04582350611670),L/N  53/2023,その他
DC-9469,MR850,2.31E+11,0
DC-9470,MR850,2.31E+11,0
0,JC-933P,LOT 405913334,モニタ
DC-8804,WEC-7301,21140,モニタ
DC-9371,MER3700PCS,13003156,WJ循環器CRM
DC-7729,YC-320D,DC-7729,検査機器
DC-7391,YC-330D,DC-7391/②,検査機器
DC-8819,ZS-640P,6849,モニタ
DC-8820,ZS-640P,6850,モニタ
DC-8821,ZS-640P,6851,モニタ
DC-8822,ZS-640P,6852,モニタ
DC-8823,ZS-640P,6853,モニタ
DC-8824,ZS-640P,6854,モニタ
DC-8825,ZS-640P,6855,モニタ
DC-8826,ZS-640P,6856,モニタ
DC-8827,ZS-640P,6857,モニタ
DC-9486,MEB-2300(DC-230B-NEO),10055,検査機器
0,OTX-TUP-CO35J,1902250037,検査機器
0,AE-920P,66,検査機器
DC-9475,HAMILTON-C6,7428,人工呼吸器
DC-9565,TEC-1031-QI,92,治療器救急関連機器
DC-9566,TEC-1031-QI,93,治療器救急関連機器
DC-9567,TEC-1031-QI,94,治療器救急関連機器
DC-9568,TEC-1031-QI,95,治療器救急関連機器
DC-9133,MEK-7300,1609,検体
DC-9566,KD-101V,DC-9566,治療器救急関連機器
DC-9567,KD-101V,DC-9567,治療器救急関連機器
DC-8805,ZS-611P,2847,モニタ
DC-8806,ZS-611P,2848,モニタ
DC-9649,RAC-5103,5982,検査機器
DC-9650,RAC-5103,5983,検査機器
DC-9651,RAC-5103,5984,検査機器
DC-9652,RAC-5203,1388,検査機器
DC-9676,BSM-5762,61,モニタ
DC-9677,BSM-5762,62,モニタ
DC-9678,BSM-5762,63,モニタ
DC-7700,EEG-1260-NE,10009,検査機器
DC-9696,QP-550D,958,検査機器
0,P225G,111741,モニタ
0,P311C,28844,モニタ
DC-9728,MDL_Armadillo,00BF00560092,0
DC-9754,BSM-5762,94,モニタ
DC-9755,BSM-5762,95,モニタ
0,QP-997P,485,人工呼吸器
DC-9877,ORG-2100-Z08,1191,モニタ
DC-9878,ORG-2100-Z08,1192,モニタ
DC-9879,NKV-330,1789,人工呼吸器
DC-9880,DSC-5500,310,検査機器
DC-9934,QP-551D,686,検査機器
DC-9983,BSM-1763,23462,モニタ
DC-9984,BSM-1763,23463,モニタ
DC-9985,BSM-1763,23464,モニタ
DC-9986,BSM-1763,23465,モニタ
DC-9987,BSM-1763,23466,モニタ
DC-9988,BSM-1763,23467,モニタ
DC-9989,BSM-1763,23468,モニタ
DC-9990,ECG-2450,5027,検査機器
DC-9991,ECG-2450,5028,検査機器
DC-9992,ECG-2550-01,20623,検査機器
DC-9993,ORG-9100-Z24,9676,検査機器
DC-9994,AED-3100,365146,治療器救急関連機器
DC-10013,RMC-5000M,15,検査機器
DC-10013,MU-500G,16,検査機器
DC-10025,JB-530G,13,検査機器
DC-9933,QP-551D,685,検査機器
0,HAMILTON-C1/W,43214,人工呼吸器
DC-10048,B10NMAT#ABJ,JPH450XVJT,システム
DC-10232,Soft ON,59,治具
DC-10233,Soft ON,60,治具
DC-10234,Soft ON,61,治具
DC-10235,Soft ON,62,治具
DC-10236,Soft ON,63,治具
DC-10237,Soft ON,64,治具
DC-10238,Soft ON,65,治具
DC-10239,Soft ON,66,治具
DC-10240,Soft ON,67,治具
DC-10241,Soft ON,68,治具
DC-10242,Soft ON,69,治具
DC-10243,Soft ON,70,治具
DC-10072,AED-3200,83,AED
DC-10073,AED-3200,41,AED
DC-10074,AED-3200,42,AED
DC-10126,TRN-3200,42,AED
DC-10127,TRN-3200,43,AED
DC-10128,TRN-3200,44,AED
DC-10129,TRN-3200,45,AED
DC-10130,TRN-3200,46,AED
DC-10131,TRN-3200,47,AED
DC-10132,TRN-3200,48,AED
0,KD-107D,1,0
DC-10304,QP-551V,13903,AED
DC-10305,QP-551V,13904,AED
0,HAMILTON-C6,13037,人工呼吸器
0,HAMILTON-T1/W,31500,人工呼吸器
0,Y086,0,検査機器
DC-10316,NKV-550-UNV,436,人工呼吸器
seirei1,ICE-ZS3,37572C619A,WJ循環器AF
seirei1,ICE-CIM,17755795,WJ循環器AF
seirei1,ICE-TTE,14556P4X119G,WJ循環器AF
toubu1,VWM-ICE-01,NW4-3C000212,WJ循環器AF
toubu1,ICE-CIM,20179711,WJ循環器AF
toubu1,L9-3S,NT5L3C032888,WJ循環器AF
toubu1,SP5-1S,NT5J3A106794,WJ循環器AF
0,ESI-ENSITEX,19199110,WJ循環器AF
0,ESI-ENSITEX,19224332,WJ循環器AF
0,ESI-ENSITEX,19397852,WJ循環器AF
0,ESI-ENSITEX,19442420,WJ循環器AF
0,ESI-ENSITEX,19913302,WJ循環器AF
0,3077,1509265,WJ循環器CRM
0,3085,1507201,WJ循環器CRM
0,89013,19935153,WJ循環器AF
DC-10339,MR850,2.50E+11,人工呼吸器
0,P310C,5366,モニタ
DC-10330,Mobile Precision3591,2XFMZB4,システム
DC-10380,WEP-1200-Z03,1482,モニタ
DC-10413,ECG-3150,1585,検査機器
DC-10414,ECG-3150,1586,検査機器
DC-10351,HBP-8000,GC000843AF,WJ検査機器
DC-10362,HBP-8000用PC＆プリンタ,DEMO-41,WJ検査機器
0,ND-896V,388,治療器救急関連機器
TB-0764,ECG-3150,956,検査機器
TB-0767,ECG-3250,504,検査機器
DC-10455,NKV-330,1996,人工呼吸器
DC-10456,NKV-330,1997,人工呼吸器
DC-10464,ECG-3250,2240,検査機器
DC-10477,AED-3151-01,23885,AED
DC-10497,SVM-7260-R,1514,モニタ
DC-10502,WEC-7201,27228,検査機器
DC-10503,WEC-7301,21366,検査機器
DC-10606,NKV-440-OM,12,人工呼吸器
DC-10515,AE-120A,673,検査機器
DC-10540,OTX-TUP-C035J,437,検査機器
DC-10552,ECG-3350,2699,検査機器
DC-10553,ECG-3350,2700,検査機器
DC-10554,ECG-3350,2701,検査機器
DC-10559,EMS-1052,2972,治療器救急関連機器
DC-10567,DC-960B,737,検査機器
DC-10569,WEP-1450-Z06,2459,モニタ
DC-10570,WEP-1450-Z06,2460,モニタ
DC-10571,WEP-1450-Z06,2461,モニタ
DC-10572,WEP-1450-Z06,2477,モニタ
0,TRN-3100,9785,AED
0,TRN-3100,9786,AED
0,TRN-3100,9787,AED
0,TRN-3150,6951,AED
0,TRN-3150,6952,AED
DC-10690,PVM-4763,21563,モニタ
DC-10692,QI-470P,10808,モニタ
DC-10691,PVM-4763,21564,モニタ
DC-10690,QI-470P,10806,モニタ
DC-10692,PVM-4763,21565,モニタ
DC-10694,QI-470P,10810,モニタ
DC-10693,PVM-4763,21566,モニタ
DC-10695,QI-470P,10811,モニタ
DC-10691,QI-470P,10807,モニタ
DC-10693,QI-470P,10809,モニタ
DC-10694,PVM-4763,21567,モニタ
DC-10696,QI-470P,10812,モニタ
DC-10695,PVM-4763,21568,モニタ
DC-10696,PVM-4763,21569,モニタ
DC-10690,PVM-4763-Q20,21563,モニタ
DC-10691,PVM-4763-Q20,21564,モニタ
DC-10692,PVM-4763-Q20,21565,モニタ
DC-10693,PVM-4763-Q20,21566,モニタ
DC-10694,PVM-4763-Q20,21567,モニタ
DC-10695,PVM-4763-Q20,21568,モニタ
DC-10696,PVM-4763-Q20,21569,モニタ
DC-10633,TRN-3100,9785,AED
DC-10634,TRN-3100,9786,AED
DC-10635,TRN-3100,9787,AED
DC-10660,TRN-3150,6951,AED
DC-10661,TRN-3150,6952,AED
DC-10733,DC-200B,759,検査機器
DC-10766,CU-152R,6654,モニタ
DC-10785,CU-172R,4946,モニタ
DC-10786,CU-172R,4947,モニタ
DC-10798,AF-201P,4453,検査機器
DC-10799,AF-201P,4454,検査機器
DC-10800,AF-201P,4455,検査機器
DC-10844,CNS-2101,2813,モニタ
DC-10845,CNS-2101,2814,モニタ
DC-10846,CNS-2101,2815,モニタ
DC-10717,UBM-4000,25EM1110,WJ検査機器
DC-10833,NKV-440-OM,20,0
DC-10896,MEK-1303,3744,0
DC-10897,MEK-1303,3745,0
DC-10898,MEK-1303,3746,0
DC-10899,MEK-1303,3747,0
DC-10900,MEK-1303,3748,0
DC-10901,MEK-1303,3749,0
DC-10902,MEK-1303,3750,0
DC-10903,MEK-1303,3751,0
DC-10904,MEK-1303,3752,0
DC-10905,MEK-1303,3753,0
DC-10906,MEK-1303,3754,0
DC-10907,MEK-1303,3755,0
DC-10996,ZS-730P,771,0
DC-10997,ZS-730P,772,0
DC-10998,ZS-730P,773,0
DC-10999,ZS-730P,774,0
DC-11000,ZS-730P,775,0
